Country,WEO,ISO,Year,Assaults
Albania,914,ALB,2005,165
Albania,914,ALB,2006,246
Albania,914,ALB,2007,219
Albania,914,ALB,2008,363
Albania,914,ALB,2009,379
Albania,914,ALB,2010,178
Albania,914,ALB,2011,169
Albania,914,ALB,2012,156
Albania,914,ALB,2013,163
Albania,914,ALB,2014,132
Albania,914,ALB,2015,169
Albania,914,ALB,2016,118
Albania,914,ALB,2017,125
Algeria,612,DZA,2003,23050
Algeria,612,DZA,2004,20234
Algeria,612,DZA,2005,32920
Algeria,612,DZA,2006,36681
Algeria,612,DZA,2007,36915
Algeria,612,DZA,2008,40398
Algeria,612,DZA,2009,42298
Algeria,612,DZA,2010,41381
Algeria,612,DZA,2011,45548
Algeria,612,DZA,2012,52287
Algeria,612,DZA,2013,54472
Algeria,612,DZA,2014,53853
Algeria,612,DZA,2015,49091
Argentina,213,ARG,2005,142099
Argentina,213,ARG,2006,134291
Argentina,213,ARG,2007,137181
Argentina,213,ARG,2008,145240
Argentina,213,ARG,2014,178611
Argentina,213,ARG,2015,181321
Argentina,213,ARG,2016,142986
Argentina,213,ARG,2017,142120
Armenia,911,ARM,2004,190
Armenia,911,ARM,2005,180
Armenia,911,ARM,2006,178
Armenia,911,ARM,2007,164
Armenia,911,ARM,2008,201
Armenia,911,ARM,2009,166
Armenia,911,ARM,2010,155
Armenia,911,ARM,2011,161
Armenia,911,ARM,2012,157
Armenia,911,ARM,2013,176
Armenia,911,ARM,2014,198
Armenia,911,ARM,2015,163
Armenia,911,ARM,2016,186
Armenia,911,ARM,2017,181
Australia,193,AUS,2008,68019
Australia,193,AUS,2009,71972
Australia,193,AUS,2010,68665
Australia,193,AUS,2011,66103
Australia,193,AUS,2012,63709
Australia,193,AUS,2013,66211
Australia,193,AUS,2014,67081
Australia,193,AUS,2015,68002
Australia,193,AUS,2016,70986
Australia,193,AUS,2017,72964
Austria,122,AUT,2004,3584
Austria,122,AUT,2005,3611
Austria,122,AUT,2006,3577
Austria,122,AUT,2007,3878
Austria,122,AUT,2008,3945
Austria,122,AUT,2009,4023
Austria,122,AUT,2010,3606
Austria,122,AUT,2011,3897
Austria,122,AUT,2012,4030
Austria,122,AUT,2013,3327
Austria,122,AUT,2014,3230
Austria,122,AUT,2015,3072
Austria,122,AUT,2016,3292
Azerbaijan,912,AZE,2003,155
Azerbaijan,912,AZE,2004,171
Azerbaijan,912,AZE,2005,165
Azerbaijan,912,AZE,2006,160
Azerbaijan,912,AZE,2009,184
Azerbaijan,912,AZE,2010,172
Azerbaijan,912,AZE,2011,153
Azerbaijan,912,AZE,2012,132
Azerbaijan,912,AZE,2013,132
Azerbaijan,912,AZE,2014,160
Azerbaijan,912,AZE,2016,333
Azerbaijan,912,AZE,2017,369
Bahrain,419,BHR,2003,2701
Bahrain,419,BHR,2004,3837
Bahrain,419,BHR,2005,3528
Bahrain,419,BHR,2006,3455
Bahrain,419,BHR,2007,2634
Bahrain,419,BHR,2008,3654
Bangladesh,513,BGD,2005,570
Bangladesh,513,BGD,2006,570
Barbados,316,BRB,2004,1610
Barbados,316,BRB,2005,1731
Barbados,316,BRB,2006,1704
Barbados,316,BRB,2007,1549
Barbados,316,BRB,2008,1594
Barbados,316,BRB,2009,1610
Barbados,316,BRB,2010,1511
Barbados,316,BRB,2011,1312
Barbados,316,BRB,2012,1468
Barbados,316,BRB,2013,1250
Barbados,316,BRB,2014,1465
Barbados,316,BRB,2015,1474
Barbados,316,BRB,2016,1559
Belarus,913,BLR,2003,4032
Belarus,913,BLR,2004,1970
Belarus,913,BLR,2005,1915
Belarus,913,BLR,2006,1726
Belarus,913,BLR,2007,1657
Belarus,913,BLR,2008,1442
Belarus,913,BLR,2009,1318
Belarus,913,BLR,2010,1158
Belarus,913,BLR,2011,1003
Belarus,913,BLR,2012,907
Belarus,913,BLR,2013,852
Belarus,913,BLR,2014,830
Belgium,124,BEL,2003,61959
Belgium,124,BEL,2004,64811
Belgium,124,BEL,2005,67418
Belgium,124,BEL,2006,70886
Belgium,124,BEL,2007,74289
Belgium,124,BEL,2008,76314
Belgium,124,BEL,2009,77665
Belgium,124,BEL,2010,77758
Belgium,124,BEL,2011,78778
Belgium,124,BEL,2012,72312
Belgium,124,BEL,2013,69746
Belgium,124,BEL,2014,70411
Belgium,124,BEL,2015,69033
Belgium,124,BEL,2016,69763
Belgium,124,BEL,2017,69363
Belize,339,BLZ,2006,142
Belize,339,BLZ,2009,519
Belize,339,BLZ,2012,923
Belize,339,BLZ,2014,1042
Benin,638,BEN,2017,5335
Bhutan,514,BTN,2014,521
Bhutan,514,BTN,2015,439
Bhutan,514,BTN,2016,400
Bhutan,514,BTN,2017,980
Bolivia,218,BOL,2005,6026
Bolivia,218,BOL,2006,5405
Bolivia,218,BOL,2007,6441
Bolivia,218,BOL,2008,6987
Bolivia,218,BOL,2009,7229
Bolivia,218,BOL,2010,8451
Bolivia,218,BOL,2011,6692
Bolivia,218,BOL,2012,7426
Bolivia,218,BOL,2013,12625
Bolivia,218,BOL,2014,9513
Bolivia,218,BOL,2015,8647
Bolivia,218,BOL,2016,8108
Bosnia and Herzegovina,963,BIH,2005,1369
Bosnia and Herzegovina,963,BIH,2006,1498
Bosnia and Herzegovina,963,BIH,2007,1566
Bosnia and Herzegovina,963,BIH,2008,1474
Bosnia and Herzegovina,963,BIH,2010,505
Bosnia and Herzegovina,963,BIH,2011,652
Bosnia and Herzegovina,963,BIH,2012,618
Bosnia and Herzegovina,963,BIH,2013,577
Bosnia and Herzegovina,963,BIH,2014,592
Bosnia and Herzegovina,963,BIH,2015,992
Bosnia and Herzegovina,963,BIH,2016,1009
Bosnia and Herzegovina,963,BIH,2017,752
Botswana,616,BWA,2009,15133
Botswana,616,BWA,2010,17457
Botswana,616,BWA,2011,16098
Botswana,616,BWA,2014,16847
Brazil,223,BRA,2006,652778
Brazil,223,BRA,2007,649027
Brazil,223,BRA,2008,649996
Brazil,223,BRA,2009,651879
Brazil,223,BRA,2010,715702
Brazil,223,BRA,2011,717185
Brazil,223,BRA,2012,732913
Brazil,223,BRA,2013,661494
Brunei Darussalam,516,BRN,2003,470
Brunei Darussalam,516,BRN,2004,537
Brunei Darussalam,516,BRN,2005,530
Brunei Darussalam,516,BRN,2006,451
Bulgaria,918,BGR,2003,3806
Bulgaria,918,BGR,2004,3711
Bulgaria,918,BGR,2005,3656
Bulgaria,918,BGR,2006,2976
Bulgaria,918,BGR,2007,3173
Bulgaria,918,BGR,2008,3216
Bulgaria,918,BGR,2009,3122
Bulgaria,918,BGR,2010,3038
Bulgaria,918,BGR,2011,2462
Bulgaria,918,BGR,2012,2410
Bulgaria,918,BGR,2013,2470
Bulgaria,918,BGR,2014,2533
Bulgaria,918,BGR,2015,2520
Bulgaria,918,BGR,2016,2470
Bulgaria,918,BGR,2017,2811
Burundi,618,BDI,2008,437
Burundi,618,BDI,2009,496
Burundi,618,BDI,2010,304
Burundi,618,BDI,2011,499
Burundi,618,BDI,2012,455
Burundi,618,BDI,2013,431
Burundi,618,BDI,2014,549
Cabo Verde,624,CPV,2010,4090
Cabo Verde,624,CPV,2011,4030
Cabo Verde,624,CPV,2012,4116
Cabo Verde,624,CPV,2013,4013
Cabo Verde,624,CPV,2014,4117
Cabo Verde,624,CPV,2015,4205
Cameroon,622,CMR,2003,2998
Cameroon,622,CMR,2004,3056
Cameroon,622,CMR,2005,3140
Cameroon,622,CMR,2006,3136
Cameroon,622,CMR,2007,3482
Cameroon,622,CMR,2009,1486
Cameroon,622,CMR,2010,4917
Cameroon,622,CMR,2011,5281
Cameroon,622,CMR,2012,5764
Cameroon,622,CMR,2013,5630
Cameroon,622,CMR,2014,3690
Cameroon,622,CMR,2015,4805
Cameroon,622,CMR,2016,1850
Cameroon,622,CMR,2017,4458
Canada,156,CAN,2003,48135
Canada,156,CAN,2004,49376
Canada,156,CAN,2005,53451
Canada,156,CAN,2006,56709
Canada,156,CAN,2007,58269
Canada,156,CAN,2008,58419
Canada,156,CAN,2009,57002
Canada,156,CAN,2010,55436
Canada,156,CAN,2011,53957
Canada,156,CAN,2012,53339
Canada,156,CAN,2013,49260
Canada,156,CAN,2014,48369
Canada,156,CAN,2015,50708
Canada,156,CAN,2016,53411
Canada,156,CAN,2017,55394
Chile,228,CHL,2006,20992
Chile,228,CHL,2007,21727
Chile,228,CHL,2008,23275
Chile,228,CHL,2009,23816
Chile,228,CHL,2010,22259
Chile,228,CHL,2011,22963
Chile,228,CHL,2012,19813
Chile,228,CHL,2013,14313
Chile,228,CHL,2014,13359
Chile,228,CHL,2015,12304
Chile,228,CHL,2016,12007
Chile,228,CHL,2017,10969
Colombia,233,COL,2004,32534
Colombia,233,COL,2005,30415
Colombia,233,COL,2006,46529
Colombia,233,COL,2007,47957
Colombia,233,COL,2008,36043
Colombia,233,COL,2009,55124
Colombia,233,COL,2010,53140
Colombia,233,COL,2011,62185
Colombia,233,COL,2012,82181
Colombia,233,COL,2013,167111
Colombia,233,COL,2014,167645
Colombia,233,COL,2015,175106
Colombia,233,COL,2016,179607
Colombia,233,COL,2017,122545
Costa Rica,238,CRI,2006,5931
Costa Rica,238,CRI,2007,6429
Costa Rica,238,CRI,2008,6750
Costa Rica,238,CRI,2009,7437
Costa Rica,238,CRI,2010,7953
Costa Rica,238,CRI,2011,7361
Costa Rica,238,CRI,2012,6477
Costa Rica,238,CRI,2013,8221
Costa Rica,238,CRI,2014,8477
Costa Rica,238,CRI,2015,8517
Costa Rica,238,CRI,2016,7529
Costa Rica,238,CRI,2017,7695
Croatia,960,HRV,2003,1249
Croatia,960,HRV,2004,1153
Croatia,960,HRV,2005,1153
Croatia,960,HRV,2006,1069
Croatia,960,HRV,2007,1093
Croatia,960,HRV,2008,1128
Croatia,960,HRV,2009,1059
Croatia,960,HRV,2010,986
Croatia,960,HRV,2011,873
Croatia,960,HRV,2012,903
Croatia,960,HRV,2013,823
Croatia,960,HRV,2014,766
Croatia,960,HRV,2015,804
Croatia,960,HRV,2016,790
Croatia,960,HRV,2017,798
Cyprus,423,CYP,2003,135
Cyprus,423,CYP,2004,172
Cyprus,423,CYP,2005,132
Cyprus,423,CYP,2006,134
Cyprus,423,CYP,2007,142
Cyprus,423,CYP,2008,167
Cyprus,423,CYP,2009,219
Cyprus,423,CYP,2010,173
Cyprus,423,CYP,2011,164
Cyprus,423,CYP,2012,148
Cyprus,423,CYP,2013,132
Cyprus,423,CYP,2014,134
Cyprus,423,CYP,2015,141
Cyprus,423,CYP,2016,145
Cyprus,423,CYP,2017,144
Czech Republic,935,CZE,2004,23579
Czech Republic,935,CZE,2005,21684
Czech Republic,935,CZE,2006,19171
Czech Republic,935,CZE,2007,19551
Czech Republic,935,CZE,2008,17875
Czech Republic,935,CZE,2009,16887
Czech Republic,935,CZE,2010,18073
Czech Republic,935,CZE,2011,19409
Czech Republic,935,CZE,2012,18358
Czech Republic,935,CZE,2013,18689
Czech Republic,935,CZE,2014,5199
Czech Republic,935,CZE,2015,5229
Czech Republic,935,CZE,2016,5050
Czech Republic,935,CZE,2017,4767
Denmark,128,DNK,2003,10894
Denmark,128,DNK,2004,11005
Denmark,128,DNK,2005,11117
Denmark,128,DNK,2006,11628
Denmark,128,DNK,2007,11552
Denmark,128,DNK,2008,11203
Denmark,128,DNK,2009,10573
Denmark,128,DNK,2010,1753
Denmark,128,DNK,2011,1696
Denmark,128,DNK,2012,9557
Denmark,128,DNK,2013,1503
Denmark,128,DNK,2014,1533
Denmark,128,DNK,2015,1460
Denmark,128,DNK,2016,1733
Denmark,128,DNK,2017,1904
Dominican Republic,243,DOM,2012,5937
Dominican Republic,243,DOM,2013,3833
Dominican Republic,243,DOM,2014,4275
Dominican Republic,243,DOM,2015,3889
Dominican Republic,243,DOM,2016,3142
Ecuador,248,ECU,2003,7084
Ecuador,248,ECU,2004,7967
Ecuador,248,ECU,2005,7756
Ecuador,248,ECU,2006,6575
Ecuador,248,ECU,2009,4078
Ecuador,248,ECU,2010,4505
Ecuador,248,ECU,2011,6309
Ecuador,248,ECU,2012,8242
Ecuador,248,ECU,2013,8560
Ecuador,248,ECU,2014,7430
Ecuador,248,ECU,2015,8016
Ecuador,248,ECU,2016,7312
Ecuador,248,ECU,2017,6522
Egypt,469,EGY,2006,65
Egypt,469,EGY,2007,71
Egypt,469,EGY,2008,120
Egypt,469,EGY,2009,134
Egypt,469,EGY,2010,156
Egypt,469,EGY,2011,339
El Salvador,253,SLV,2005,4628
El Salvador,253,SLV,2006,4614
El Salvador,253,SLV,2007,2971
El Salvador,253,SLV,2008,3428
El Salvador,253,SLV,2009,3901
El Salvador,253,SLV,2010,3891
El Salvador,253,SLV,2011,3681
El Salvador,253,SLV,2012,4228
El Salvador,253,SLV,2013,4322
El Salvador,253,SLV,2014,3920
El Salvador,253,SLV,2015,5887
Estonia,939,EST,2005,132
Estonia,939,EST,2006,141
Estonia,939,EST,2007,145
Estonia,939,EST,2008,140
Estonia,939,EST,2009,106
Estonia,939,EST,2010,103
Estonia,939,EST,2011,104
Estonia,939,EST,2012,99
Estonia,939,EST,2013,99
Estonia,939,EST,2014,77
Estonia,939,EST,2015,98
Estonia,939,EST,2017,76
Eswatini,734,SWZ,2003,14725
Eswatini,734,SWZ,2004,14587
Finland,172,FIN,2003,28835
Finland,172,FIN,2004,29782
Finland,172,FIN,2005,30467
Finland,172,FIN,2006,30864
Finland,172,FIN,2007,34614
Finland,172,FIN,2008,34778
Finland,172,FIN,2009,32878
Finland,172,FIN,2010,1996
Finland,172,FIN,2011,2953
Finland,172,FIN,2012,1874
Finland,172,FIN,2013,1791
Finland,172,FIN,2014,1645
Finland,172,FIN,2015,1563
Finland,172,FIN,2016,1592
Finland,172,FIN,2017,1581
France,132,FRA,2003,135003
France,132,FRA,2004,137679
France,132,FRA,2005,148651
France,132,FRA,2006,164359
France,132,FRA,2007,175886
France,132,FRA,2008,187937
France,132,FRA,2009,220126
France,132,FRA,2010,231909.06
France,132,FRA,2011,231306.5
France,132,FRA,2012,231733.31
France,132,FRA,2013,233304.05
France,132,FRA,2014,237915.5
France,132,FRA,2015,242185
France,132,FRA,2016,242910
Georgia,915,GEO,2004,371
Georgia,915,GEO,2005,368
Georgia,915,GEO,2006,271
Georgia,915,GEO,2007,157
Georgia,915,GEO,2008,200
Georgia,915,GEO,2009,134
Georgia,915,GEO,2010,126
Georgia,915,GEO,2014,228
Germany,134,DEU,2003,445727
Germany,134,DEU,2004,474575
Germany,134,DEU,2005,494329
Germany,134,DEU,2006,510775
Germany,134,DEU,2007,523283
Germany,134,DEU,2008,518499
Germany,134,DEU,2009,149301
Germany,134,DEU,2010,142903
Germany,134,DEU,2011,139091
Germany,134,DEU,2012,136077
Germany,134,DEU,2013,127869
Germany,134,DEU,2014,125752
Germany,134,DEU,2015,127395
Germany,134,DEU,2016,140033
Germany,134,DEU,2017,137058
Greece,174,GRC,2003,7663
Greece,174,GRC,2004,7606
Greece,174,GRC,2005,7777
Greece,174,GRC,2006,7399
Greece,174,GRC,2007,7788
Greece,174,GRC,2008,8008
Greece,174,GRC,2009,7869
Greece,174,GRC,2010,1101
Greece,174,GRC,2011,1425
Greece,174,GRC,2012,1692
Greece,174,GRC,2013,1610
Greece,174,GRC,2014,1459
Greece,174,GRC,2015,1624
Greece,174,GRC,2016,1515
Greece,174,GRC,2017,1510
Grenada,328,GRD,2005,1894
Grenada,328,GRD,2006,1903
Grenada,328,GRD,2007,1312
Grenada,328,GRD,2008,1285
Grenada,328,GRD,2009,1175
Grenada,328,GRD,2010,1152
Grenada,328,GRD,2011,1236
Grenada,328,GRD,2012,1313
Grenada,328,GRD,2013,1394
Grenada,328,GRD,2014,529
Grenada,328,GRD,2015,494
Grenada,328,GRD,2016,437
Grenada,328,GRD,2017,375
Guatemala,258,GTM,2004,6443
Guatemala,258,GTM,2005,6095
Guatemala,258,GTM,2006,6055
Guatemala,258,GTM,2007,6238
Guatemala,258,GTM,2008,6960
Guatemala,258,GTM,2009,7603
Guatemala,258,GTM,2010,7452
Guatemala,258,GTM,2011,6237
Guatemala,258,GTM,2012,6086
Guatemala,258,GTM,2013,2786
Guatemala,258,GTM,2014,2417
Guatemala,258,GTM,2015,2364
Guatemala,258,GTM,2016,1849
Guinea,656,GIN,2005,286
Guinea,656,GIN,2007,293
Guinea-Bissau,654,GNB,2013,2914
Guinea-Bissau,654,GNB,2014,3314
Guinea-Bissau,654,GNB,2015,1331
Guinea-Bissau,654,GNB,2016,2000
Guyana,336,GUY,2010,11182
Guyana,336,GUY,2012,9867
Guyana,336,GUY,2013,6501
Guyana,336,GUY,2015,9269
Guyana,336,GUY,2016,1154
Guyana,336,GUY,2017,2102
Honduras,268,HND,2011,3645
Honduras,268,HND,2012,2027
Honduras,268,HND,2013,1734
Honduras,268,HND,2014,1497
Honduras,268,HND,2015,1328
Honduras,268,HND,2016,1347
Honduras,268,HND,2017,2053
Hong Kong SAR,532,HKG,2003,7754
Hong Kong SAR,532,HKG,2004,7811
Hong Kong SAR,532,HKG,2005,8091
Hong Kong SAR,532,HKG,2006,8690
Hong Kong SAR,532,HKG,2007,8660
Hong Kong SAR,532,HKG,2008,8410
Hong Kong SAR,532,HKG,2009,8136
Hong Kong SAR,532,HKG,2010,7602
Hong Kong SAR,532,HKG,2011,7362
Hong Kong SAR,532,HKG,2012,7332
Hong Kong SAR,532,HKG,2013,6623
Hungary,944,HUN,2003,11442
Hungary,944,HUN,2004,12514
Hungary,944,HUN,2005,12339
Hungary,944,HUN,2006,11516
Hungary,944,HUN,2007,11148
Hungary,944,HUN,2008,12757
Hungary,944,HUN,2009,12787
Hungary,944,HUN,2010,14569
Hungary,944,HUN,2011,14212
Hungary,944,HUN,2012,13973
Hungary,944,HUN,2013,13377
Hungary,944,HUN,2014,13475
Hungary,944,HUN,2015,12472
Iceland,176,ISL,2006,56
Iceland,176,ISL,2007,50
Iceland,176,ISL,2008,77
Iceland,176,ISL,2009,79
Iceland,176,ISL,2010,57
Iceland,176,ISL,2011,60
Iceland,176,ISL,2012,74
Iceland,176,ISL,2013,92
Iceland,176,ISL,2014,101
Iceland,176,ISL,2015,85
Iceland,176,ISL,2016,74
Iceland,176,ISL,2017,103
India,534,IND,2004,276868
India,534,IND,2005,270861
India,534,IND,2006,264748
India,534,IND,2007,273067
India,534,IND,2008,284969
India,534,IND,2009,279214
India,534,IND,2010,289022
India,534,IND,2011,302847
India,534,IND,2012,332324
India,534,IND,2013,334669
Indonesia,536,IDN,2008,33330
Indonesia,536,IDN,2009,35641
Indonesia,536,IDN,2010,31960
Indonesia,536,IDN,2011,35800
Indonesia,536,IDN,2012,30901
Indonesia,536,IDN,2013,35153
Indonesia,536,IDN,2014,36980
Indonesia,536,IDN,2015,14559
Indonesia,536,IDN,2016,14468
Indonesia,536,IDN,2017,12405
Iraq,433,IRQ,2008,13321
Iraq,433,IRQ,2009,17084
Iraq,433,IRQ,2010,25847
Iraq,433,IRQ,2011,28344
Iraq,433,IRQ,2012,32954
Iraq,433,IRQ,2013,27935
Iraq,433,IRQ,2014,25008
Ireland,178,IRL,2003,11792
Ireland,178,IRL,2004,12255
Ireland,178,IRL,2005,12479
Ireland,178,IRL,2006,13737
Ireland,178,IRL,2007,15147
Ireland,178,IRL,2008,16186
Ireland,178,IRL,2009,15580
Ireland,178,IRL,2010,15038
Ireland,178,IRL,2011,14709
Ireland,178,IRL,2012,13566
Ireland,178,IRL,2013,3089
Ireland,178,IRL,2014,3163
Ireland,178,IRL,2015,3510
Ireland,178,IRL,2016,3594
Ireland,178,IRL,2017,4047
Israel,436,ISR,2004,50171
Israel,436,ISR,2005,51114
Israel,436,ISR,2006,50866
Israel,436,ISR,2007,45025
Israel,436,ISR,2008,45432
Israel,436,ISR,2010,46007
Israel,436,ISR,2011,43069
Italy,136,ITA,2004,51823
Italy,136,ITA,2005,56629
Italy,136,ITA,2006,59143
Italy,136,ITA,2007,63602
Italy,136,ITA,2008,65791
Italy,136,ITA,2009,65611
Italy,136,ITA,2010,64866
Italy,136,ITA,2011,68500
Italy,136,ITA,2012,69527
Italy,136,ITA,2013,66317
Italy,136,ITA,2014,67004
Italy,136,ITA,2015,64955
Italy,136,ITA,2016,64015
Italy,136,ITA,2017,65775
Ivory Coast,662,CIV,2007,9821
Ivory Coast,662,CIV,2008,10124
Jamaica,343,JAM,2010,1407
Jamaica,343,JAM,2012,5684
Jamaica,343,JAM,2013,4941
Jamaica,343,JAM,2014,3918
Jamaica,343,JAM,2015,2933
Jamaica,343,JAM,2016,2262
Jamaica,343,JAM,2017,2884
Japan,158,JPN,2003,58505
Japan,158,JPN,2004,59628
Japan,158,JPN,2005,60299
Japan,158,JPN,2006,64989
Japan,158,JPN,2007,62952
Japan,158,JPN,2008,60126
Japan,158,JPN,2009,26574
Japan,158,JPN,2010,26647
Japan,158,JPN,2011,25928
Japan,158,JPN,2012,28058
Japan,158,JPN,2013,27864
Japan,158,JPN,2014,26653
Japan,158,JPN,2015,25183
Japan,158,JPN,2016,24365
Jordan,439,JOR,2005,14677
Jordan,439,JOR,2006,15694
Kazakhstan,916,KAZ,2006,2474
Kazakhstan,916,KAZ,2007,1988
Kazakhstan,916,KAZ,2008,1945
Kazakhstan,916,KAZ,2009,1621
Kazakhstan,916,KAZ,2010,1591
Kazakhstan,916,KAZ,2011,1962
Kazakhstan,916,KAZ,2012,1666
Kazakhstan,916,KAZ,2013,1361
Kazakhstan,916,KAZ,2014,957
Kazakhstan,916,KAZ,2015,900
Kazakhstan,916,KAZ,2017,2050
Kenya,664,KEN,2005,12715
Kenya,664,KEN,2006,13186
Kenya,664,KEN,2007,12089
Kenya,664,KEN,2008,11479
Kenya,664,KEN,2009,14189
Kenya,664,KEN,2010,14078
Kenya,664,KEN,2011,14366
Kenya,664,KEN,2012,14534
Kenya,664,KEN,2013,13674
Kenya,664,KEN,2014,13949
Kenya,664,KEN,2015,14921
Kenya,664,KEN,2016,15705
Kenya,664,KEN,2017,15968
Korea,542,KOR,2006,281928
Korea,542,KOR,2007,294728
Korea,542,KOR,2008,305465
Korea,542,KOR,2009,315731
Korea,542,KOR,2010,292347
Korea,542,KOR,2011,311862
Korea,542,KOR,2012,62257
Korea,542,KOR,2013,55884
Korea,542,KOR,2014,50281
Korea,542,KOR,2015,48005
Korea,542,KOR,2016,50028
Korea,542,KOR,2017,44611
Kosovo,967,UVK,2008,3376
Kosovo,967,UVK,2009,3539
Kosovo,967,UVK,2010,3760
Kosovo,967,UVK,2011,3743
Kosovo,967,UVK,2012,3805
Kosovo,967,UVK,2013,653
Kosovo,967,UVK,2014,818
Kosovo,967,UVK,2015,393
Kosovo,967,UVK,2016,363
Kosovo,967,UVK,2017,331
Kuwait,443,KWT,2004,641
Kuwait,443,KWT,2005,595
Kuwait,443,KWT,2006,632
Kuwait,443,KWT,2007,732
Kuwait,443,KWT,2008,644
Kuwait,443,KWT,2009,686
Kyrgyz Republic,917,KGZ,2003,225
Kyrgyz Republic,917,KGZ,2004,213
Kyrgyz Republic,917,KGZ,2005,264
Kyrgyz Republic,917,KGZ,2006,206
Kyrgyz Republic,917,KGZ,2007,343
Kyrgyz Republic,917,KGZ,2008,349
Kyrgyz Republic,917,KGZ,2009,359
Kyrgyz Republic,917,KGZ,2010,536
Kyrgyz Republic,917,KGZ,2011,482
Kyrgyz Republic,917,KGZ,2012,414
Kyrgyz Republic,917,KGZ,2013,306
Kyrgyz Republic,917,KGZ,2014,380
Kyrgyz Republic,917,KGZ,2015,359
Kyrgyz Republic,917,KGZ,2016,283
Latvia,941,LVA,2003,883
Latvia,941,LVA,2004,872
Latvia,941,LVA,2005,1100
Latvia,941,LVA,2006,1549
Latvia,941,LVA,2007,1256
Latvia,941,LVA,2008,1346
Latvia,941,LVA,2009,1215
Latvia,941,LVA,2010,1226
Latvia,941,LVA,2011,1161
Latvia,941,LVA,2012,1325
Latvia,941,LVA,2013,458
Latvia,941,LVA,2014,569
Latvia,941,LVA,2015,534
Latvia,941,LVA,2016,657
Latvia,941,LVA,2017,657
Lebanon,446,LBN,2008,7950
Lebanon,446,LBN,2009,9100
Lebanon,446,LBN,2010,9496
Lebanon,446,LBN,2011,8956
Lebanon,446,LBN,2012,8658
Lebanon,446,LBN,2013,8222
Lebanon,446,LBN,2014,8514
Lebanon,446,LBN,2015,7769
Lebanon,446,LBN,2016,7491
Lesotho,666,LSO,2007,9337
Lesotho,666,LSO,2008,9957
Lesotho,666,LSO,2009,7332
Lithuania,946,LTU,2003,543
Lithuania,946,LTU,2004,454
Lithuania,946,LTU,2005,407
Lithuania,946,LTU,2006,340
Lithuania,946,LTU,2007,287
Lithuania,946,LTU,2008,251
Lithuania,946,LTU,2009,220
Lithuania,946,LTU,2010,245
Lithuania,946,LTU,2011,206
Lithuania,946,LTU,2012,178
Lithuania,946,LTU,2013,211
Lithuania,946,LTU,2014,204
Lithuania,946,LTU,2015,214
Lithuania,946,LTU,2016,216
Lithuania,946,LTU,2017,178
Luxembourg,137,LUX,2006,1811
Luxembourg,137,LUX,2007,2030
Luxembourg,137,LUX,2008,2317
Luxembourg,137,LUX,2009,2350
Luxembourg,137,LUX,2010,2475
Luxembourg,137,LUX,2011,2744
Luxembourg,137,LUX,2012,2994
Luxembourg,137,LUX,2013,3018
Luxembourg,137,LUX,2014,728
Luxembourg,137,LUX,2015,608
Luxembourg,137,LUX,2016,569
Luxembourg,137,LUX,2017,585
Macao SAR,546,MAC,2008,1998
Macao SAR,546,MAC,2009,1879
Macao SAR,546,MAC,2010,1836
Macao SAR,546,MAC,2011,1728
Macao SAR,546,MAC,2012,1754
Macao SAR,546,MAC,2013,1700
Macao SAR,546,MAC,2014,1783
Macao SAR,546,MAC,2015,1620
Macao SAR,546,MAC,2016,1713
Macao SAR,546,MAC,2017,1743
Madagascar,674,MDG,2010,3450
Madagascar,674,MDG,2011,3434
Madagascar,674,MDG,2012,2115
Madagascar,674,MDG,2013,2744
Madagascar,674,MDG,2014,2542
Madagascar,674,MDG,2015,2189
Malaysia,548,MYS,2005,4246
Malaysia,548,MYS,2006,5716
Maldives,556,MDV,2007,1157
Maldives,556,MDV,2008,1495
Maldives,556,MDV,2009,1795
Maldives,556,MDV,2010,1478
Maldives,556,MDV,2011,1249
Maldives,556,MDV,2012,1264
Maldives,556,MDV,2013,1289
Malta,181,MLT,2008,196
Malta,181,MLT,2009,173
Malta,181,MLT,2010,180
Malta,181,MLT,2011,181
Malta,181,MLT,2012,174
Malta,181,MLT,2013,218
Malta,181,MLT,2014,160
Malta,181,MLT,2015,183
Mauritius,684,MUS,2003,105
Mauritius,684,MUS,2004,144
Mauritius,684,MUS,2005,122
Mauritius,684,MUS,2006,106
Mauritius,684,MUS,2007,140
Mauritius,684,MUS,2008,148
Mauritius,684,MUS,2009,274
Mauritius,684,MUS,2010,238
Mauritius,684,MUS,2011,230
Mexico,273,MEX,2004,246338
Mexico,273,MEX,2005,239166
Mexico,273,MEX,2006,245507
Mexico,273,MEX,2007,261295
Mexico,273,MEX,2008,250932
Mexico,273,MEX,2009,244623
Mexico,273,MEX,2010,230687
Mexico,273,MEX,2011,212141
Mexico,273,MEX,2012,211921
Mexico,273,MEX,2013,32202
Mexico,273,MEX,2014,39937
Mexico,273,MEX,2015,46211
Mexico,273,MEX,2016,63654
Mexico,273,MEX,2017,54866
Moldova,921,MDA,2005,395
Moldova,921,MDA,2006,409
Moldova,921,MDA,2007,408
Moldova,921,MDA,2008,385
Moldova,921,MDA,2009,369
Moldova,921,MDA,2010,416
Moldova,921,MDA,2011,360
Moldova,921,MDA,2012,325
Moldova,921,MDA,2013,324
Moldova,921,MDA,2014,320
Mongolia,948,MNG,2003,2440
Mongolia,948,MNG,2004,2846
Mongolia,948,MNG,2005,2991
Mongolia,948,MNG,2006,3584
Mongolia,948,MNG,2007,4614
Mongolia,948,MNG,2008,5319
Mongolia,948,MNG,2009,5770
Mongolia,948,MNG,2010,5821
Mongolia,948,MNG,2011,5838
Mongolia,948,MNG,2012,6546
Mongolia,948,MNG,2013,7564
Mongolia,948,MNG,2014,8132
Mongolia,948,MNG,2015,8064
Mongolia,948,MNG,2016,1892
Mongolia,948,MNG,2017,398
Montenegro,943,MNE,2003,141
Montenegro,943,MNE,2004,150
Montenegro,943,MNE,2005,155
Montenegro,943,MNE,2006,164
Montenegro,943,MNE,2008,196
Montenegro,943,MNE,2009,186
Montenegro,943,MNE,2010,193
Montenegro,943,MNE,2011,161
Montenegro,943,MNE,2012,168
Montenegro,943,MNE,2013,173
Montenegro,943,MNE,2014,129
Montenegro,943,MNE,2015,140
Montenegro,943,MNE,2016,128
Montenegro,943,MNE,2017,147
Morocco,686,MAR,2003,48662
Morocco,686,MAR,2004,46067
Morocco,686,MAR,2005,32623
Morocco,686,MAR,2006,36161
Morocco,686,MAR,2007,31432
Morocco,686,MAR,2008,30934
Morocco,686,MAR,2009,31106
Morocco,686,MAR,2012,29439
Morocco,686,MAR,2013,67763
Morocco,686,MAR,2015,56275
Morocco,686,MAR,2016,64657
Morocco,686,MAR,2017,117883
Mozambique,688,MOZ,2004,1350
Mozambique,688,MOZ,2005,1272
Mozambique,688,MOZ,2006,800
Mozambique,688,MOZ,2007,724
Mozambique,688,MOZ,2008,728
Mozambique,688,MOZ,2009,526
Myanmar,518,MMR,2009,2886
Myanmar,518,MMR,2010,2681
Myanmar,518,MMR,2011,2228
Myanmar,518,MMR,2012,2312
Myanmar,518,MMR,2013,5003
Myanmar,518,MMR,2014,5190
Myanmar,518,MMR,2015,4885
Myanmar,518,MMR,2016,4619
Nepal,558,NPL,2005,1047
Nepal,558,NPL,2006,1047
Nepal,558,NPL,2016,66
Netherlands,138,NLD,2003,53500
Netherlands,138,NLD,2004,55300
Netherlands,138,NLD,2005,67060
Netherlands,138,NLD,2006,69185
Netherlands,138,NLD,2007,71570
Netherlands,138,NLD,2008,69005
Netherlands,138,NLD,2009,65690
Netherlands,138,NLD,2010,60280
Netherlands,138,NLD,2011,59425
Netherlands,138,NLD,2012,57300
Netherlands,138,NLD,2013,5581
Netherlands,138,NLD,2014,5340
Netherlands,138,NLD,2015,5105
Netherlands,138,NLD,2016,5020
Netherlands,138,NLD,2017,4789
New Zealand,196,NZL,2005,9683
New Zealand,196,NZL,2006,10140
New Zealand,196,NZL,2007,11569
New Zealand,196,NZL,2008,11948
New Zealand,196,NZL,2009,11941
New Zealand,196,NZL,2010,11260
New Zealand,196,NZL,2011,10806
New Zealand,196,NZL,2012,10165
New Zealand,196,NZL,2013,8951
New Zealand,196,NZL,2014,9900
New Zealand,196,NZL,2015,21188
New Zealand,196,NZL,2016,23758
New Zealand,196,NZL,2017,24527
Nicaragua,278,NIC,2005,19335
Nicaragua,278,NIC,2006,18391
Nicaragua,278,NIC,2010,18345
Nigeria,694,NGA,2007,15136
Nigeria,694,NGA,2008,14692
Nigeria,694,NGA,2009,14075
Nigeria,694,NGA,2010,18093
Nigeria,694,NGA,2012,15388
Nigeria,694,NGA,2013,16487
North Macedonia,962,MKD,2006,441
North Macedonia,962,MKD,2007,349
North Macedonia,962,MKD,2008,213
North Macedonia,962,MKD,2009,228
North Macedonia,962,MKD,2010,248
North Macedonia,962,MKD,2011,239
North Macedonia,962,MKD,2012,211
North Macedonia,962,MKD,2013,216
North Macedonia,962,MKD,2014,213
North Macedonia,962,MKD,2015,154
North Macedonia,962,MKD,2016,173
North Macedonia,962,MKD,2017,148
Norway,142,NOR,2003,2804
Norway,142,NOR,2004,2884
Norway,142,NOR,2005,2961
Norway,142,NOR,2006,3185
Norway,142,NOR,2007,3312
Norway,142,NOR,2008,3279
Norway,142,NOR,2009,3093
Norway,142,NOR,2010,2925
Norway,142,NOR,2011,2837
Norway,142,NOR,2012,2781
Norway,142,NOR,2013,2566
Norway,142,NOR,2014,2377
Norway,142,NOR,2015,2239
Norway,142,NOR,2016,2199
Norway,142,NOR,2017,2112
Oman,449,OMN,2007,1790
Oman,449,OMN,2008,2083
Oman,449,OMN,2014,40
Oman,449,OMN,2015,44
Oman,449,OMN,2016,41
Oman,449,OMN,2017,64
Pakistan,564,PAK,2010,35573
Pakistan,564,PAK,2011,36204
Pakistan,564,PAK,2012,32194
Pakistan,564,PAK,2013,32223
Pakistan,564,PAK,2014,33432
Pakistan,564,PAK,2015,28979
Pakistan,564,PAK,2016,29694
Pakistan,564,PAK,2017,27306
Panama,283,PAN,2006,6055
Panama,283,PAN,2007,6450
Panama,283,PAN,2008,6739
Panama,283,PAN,2009,6572
Panama,283,PAN,2010,6060
Panama,283,PAN,2011,5784
Panama,283,PAN,2012,5461
Panama,283,PAN,2013,4236
Panama,283,PAN,2014,4063
Panama,283,PAN,2015,2843
Panama,283,PAN,2016,2511
Panama,283,PAN,2017,3343
Paraguay,288,PRY,2005,2235
Paraguay,288,PRY,2006,995
Paraguay,288,PRY,2007,1048
Paraguay,288,PRY,2008,2115
Paraguay,288,PRY,2009,2071
Paraguay,288,PRY,2010,1947
Paraguay,288,PRY,2011,2012
Paraguay,288,PRY,2012,2024
Paraguay,288,PRY,2013,837
Paraguay,288,PRY,2014,779
Paraguay,288,PRY,2015,685
Paraguay,288,PRY,2016,664
Paraguay,288,PRY,2017,214
Peru,293,PER,2004,15020
Peru,293,PER,2005,14699
Peru,293,PER,2006,15827
Peru,293,PER,2007,54265
Peru,293,PER,2008,54356
Peru,293,PER,2009,55291
Peru,293,PER,2010,19053
Peru,293,PER,2011,20717
Peru,293,PER,2012,25022
Peru,293,PER,2013,26163
Peru,293,PER,2014,24806
Peru,293,PER,2015,24778
Peru,293,PER,2016,22720
Peru,293,PER,2017,26028
Poland,964,POL,2009,12559
Poland,964,POL,2010,11011
Poland,964,POL,2011,10703
Poland,964,POL,2012,9721
Poland,964,POL,2013,9118
Poland,964,POL,2014,8248
Poland,964,POL,2015,6957
Poland,964,POL,2016,7621
Poland,964,POL,2017,7304
Portugal,182,PRT,2003,44304
Portugal,182,PRT,2004,41716
Portugal,182,PRT,2005,39220
Portugal,182,PRT,2006,39998
Portugal,182,PRT,2007,37389
Portugal,182,PRT,2008,33494
Portugal,182,PRT,2009,33205
Portugal,182,PRT,2010,863
Portugal,182,PRT,2011,812
Portugal,182,PRT,2012,701
Portugal,182,PRT,2013,580
Portugal,182,PRT,2014,542
Portugal,182,PRT,2015,469
Portugal,182,PRT,2016,521
Portugal,182,PRT,2017,584
Puerto Rico,359,PRI,2008,3115
Puerto Rico,359,PRI,2009,3440
Puerto Rico,359,PRI,2010,2714
Puerto Rico,359,PRI,2011,2894
Puerto Rico,359,PRI,2012,2733
Puerto Rico,359,PRI,2013,2395
Puerto Rico,359,PRI,2014,2475
Puerto Rico,359,PRI,2015,2960
Puerto Rico,359,PRI,2016,3594
Puerto Rico,359,PRI,2017,3175
Qatar,453,QAT,2003,291
Qatar,453,QAT,2004,298
Romania,968,ROU,2003,9641
Romania,968,ROU,2004,9201
Romania,968,ROU,2005,8898
Romania,968,ROU,2006,9459
Romania,968,ROU,2007,9586
Romania,968,ROU,2008,9457
Romania,968,ROU,2009,9072
Romania,968,ROU,2010,12301
Romania,968,ROU,2011,12299
Romania,968,ROU,2012,17219
Romania,968,ROU,2013,17572
Romania,968,ROU,2014,2279
Romania,968,ROU,2015,299
Romania,968,ROU,2016,304
Romania,968,ROU,2017,272
Russia,922,RUS,2004,57453
Russia,922,RUS,2005,57863
Russia,922,RUS,2006,51429
Russia,922,RUS,2007,47348
Russia,922,RUS,2008,45436
Russia,922,RUS,2009,43112
Russia,922,RUS,2010,30403
Russia,922,RUS,2011,29647
Russia,922,RUS,2012,29045
Russia,922,RUS,2013,30453
Russia,922,RUS,2014,29286
Russia,922,RUS,2015,27258
Russia,922,RUS,2016,25153
Russia,922,RUS,2017,23223
Rwanda,714,RWA,2008,2249
Rwanda,714,RWA,2009,1985
Rwanda,714,RWA,2010,2004
Rwanda,714,RWA,2011,2526
Rwanda,714,RWA,2012,3177
Rwanda,714,RWA,2013,3299
Sao Tome and Principe,716,STP,2003,1
Sao Tome and Principe,716,STP,2004,1
Sao Tome and Principe,716,STP,2006,0
Sao Tome and Principe,716,STP,2007,4
Sao Tome and Principe,716,STP,2008,1
Sao Tome and Principe,716,STP,2009,5
Sao Tome and Principe,716,STP,2010,0
Sao Tome and Principe,716,STP,2011,4
Saudi Arabia,456,SAU,2015,437
Saudi Arabia,456,SAU,2017,1845
Senegal,722,SEN,2005,279
Senegal,722,SEN,2006,252
Senegal,722,SEN,2007,181
Senegal,722,SEN,2008,543
Senegal,722,SEN,2009,291
Senegal,722,SEN,2010,305
Serbia,942,SRB,2005,1614
Serbia,942,SRB,2006,1657
Serbia,942,SRB,2007,1681
Serbia,942,SRB,2008,1582
Serbia,942,SRB,2009,1442
Serbia,942,SRB,2010,1391
Serbia,942,SRB,2011,1309
Serbia,942,SRB,2012,1323
Serbia,942,SRB,2013,1750
Serbia,942,SRB,2014,1506
Serbia,942,SRB,2015,1422
Serbia,942,SRB,2016,1339
Serbia,942,SRB,2017,1284
Sierra Leone,724,SLE,2007,18620
Sierra Leone,724,SLE,2008,19871
Singapore,576,SGP,2003,593
Singapore,576,SGP,2004,549
Singapore,576,SGP,2005,607
Singapore,576,SGP,2006,636
Singapore,576,SGP,2007,403
Singapore,576,SGP,2008,441
Singapore,576,SGP,2009,406
Singapore,576,SGP,2010,429
Singapore,576,SGP,2011,406
Singapore,576,SGP,2012,452
Singapore,576,SGP,2013,476
Singapore,576,SGP,2014,513
Singapore,576,SGP,2015,473
Singapore,576,SGP,2016,492
Singapore,576,SGP,2017,420
Slovak Republic,936,SVK,2003,4076
Slovak Republic,936,SVK,2004,3810
Slovak Republic,936,SVK,2005,3896
Slovak Republic,936,SVK,2006,3200
Slovak Republic,936,SVK,2007,2967
Slovak Republic,936,SVK,2008,2702
Slovak Republic,936,SVK,2009,2618
Slovak Republic,936,SVK,2010,2426
Slovak Republic,936,SVK,2011,2227
Slovak Republic,936,SVK,2012,2183
Slovak Republic,936,SVK,2013,2017
Slovak Republic,936,SVK,2014,1988
Slovak Republic,936,SVK,2015,1937
Slovak Republic,936,SVK,2016,1665
Slovak Republic,936,SVK,2017,1642
Slovenia,961,SVN,2003,2400
Slovenia,961,SVN,2004,2379
Slovenia,961,SVN,2005,2304
Slovenia,961,SVN,2006,2431
Slovenia,961,SVN,2007,2482
Slovenia,961,SVN,2008,2135
Slovenia,961,SVN,2009,2177
Slovenia,961,SVN,2010,2182
Slovenia,961,SVN,2011,1974
Slovenia,961,SVN,2012,2032
Slovenia,961,SVN,2013,1849
Slovenia,961,SVN,2014,1657
Slovenia,961,SVN,2015,1540
Slovenia,961,SVN,2016,1491
Slovenia,961,SVN,2017,1398
Solomon Islands,813,SLB,2004,1207
Solomon Islands,813,SLB,2005,1213
Solomon Islands,813,SLB,2006,1168
Solomon Islands,813,SLB,2007,1184
Solomon Islands,813,SLB,2008,1097
South Africa,199,ZAF,2014,182556
South Africa,199,ZAF,2015,182933
South Africa,199,ZAF,2016,170616
South Africa,199,ZAF,2017,167352
Spain,184,ESP,2005,172824
Spain,184,ESP,2006,180706
Spain,184,ESP,2007,70536
Spain,184,ESP,2008,72803
Spain,184,ESP,2009,80910
Spain,184,ESP,2010,25077
Spain,184,ESP,2011,18290
Spain,184,ESP,2012,17353
Spain,184,ESP,2013,16701
Spain,184,ESP,2014,16776
Spain,184,ESP,2015,29056
Spain,184,ESP,2016,17331
Spain,184,ESP,2017,18089
Sri Lanka,524,LKA,2003,22178
Sri Lanka,524,LKA,2004,21172
Sri Lanka,524,LKA,2008,50466
Sri Lanka,524,LKA,2009,59267
Sri Lanka,524,LKA,2010,64616
Sri Lanka,524,LKA,2011,66474
Sri Lanka,524,LKA,2012,66137
Sri Lanka,524,LKA,2013,4098
Sri Lanka,524,LKA,2014,4037
Sri Lanka,524,LKA,2015,3792
Sri Lanka,524,LKA,2016,3563
St. Kitts and Nevis,361,KNA,2009,148
St. Kitts and Nevis,361,KNA,2010,155
St. Kitts and Nevis,361,KNA,2011,137
St. Vincent and the Grenadines,364,VCT,2004,1529
St. Vincent and the Grenadines,364,VCT,2005,1252
St. Vincent and the Grenadines,364,VCT,2006,1054
St. Vincent and the Grenadines,364,VCT,2007,1063
St. Vincent and the Grenadines,364,VCT,2008,1029
St. Vincent and the Grenadines,364,VCT,2009,1220
St. Vincent and the Grenadines,364,VCT,2010,1309
St. Vincent and the Grenadines,364,VCT,2011,1245
St. Vincent and the Grenadines,364,VCT,2012,1112
St. Vincent and the Grenadines,364,VCT,2016,821
Suriname,366,SUR,2014,433
Suriname,366,SUR,2015,310
Suriname,366,SUR,2016,396
Suriname,366,SUR,2017,360
Sweden,144,SWE,2003,65177
Sweden,144,SWE,2004,67089
Sweden,144,SWE,2005,72645
Sweden,144,SWE,2006,77019
Sweden,144,SWE,2007,82262
Sweden,144,SWE,2008,84566
Sweden,144,SWE,2009,86281
Sweden,144,SWE,2010,5594
Sweden,144,SWE,2011,5684
Sweden,144,SWE,2012,5338
Sweden,144,SWE,2013,4659
Sweden,144,SWE,2014,4570
Sweden,144,SWE,2015,4646
Sweden,144,SWE,2016,4959
Sweden,144,SWE,2017,4685
Switzerland,146,CHE,2003,6732
Switzerland,146,CHE,2004,8198
Switzerland,146,CHE,2005,8099
Switzerland,146,CHE,2006,9272
Switzerland,146,CHE,2007,9644
Switzerland,146,CHE,2008,8893
Switzerland,146,CHE,2009,524
Switzerland,146,CHE,2010,487
Switzerland,146,CHE,2011,487
Switzerland,146,CHE,2012,597
Switzerland,146,CHE,2013,568
Switzerland,146,CHE,2014,609
Switzerland,146,CHE,2015,616
Switzerland,146,CHE,2016,573
Switzerland,146,CHE,2017,586
Syria,463,SYR,2003,5390
Syria,463,SYR,2004,6365
Syria,463,SYR,2005,6157
Syria,463,SYR,2006,5543
Syria,463,SYR,2007,653
Syria,463,SYR,2008,559
Tajikistan,923,TJK,2006,5762
Tajikistan,923,TJK,2007,5730
Tajikistan,923,TJK,2008,7396
Tajikistan,923,TJK,2009,9489
Tajikistan,923,TJK,2010,5490
Tajikistan,923,TJK,2011,3735
Tanzania,738,TZA,2014,1834
Tanzania,738,TZA,2015,2361
Thailand,578,THA,2005,28245
Thailand,578,THA,2006,25798
Thailand,578,THA,2007,26620
Thailand,578,THA,2008,18804
Thailand,578,THA,2009,18359
Thailand,578,THA,2010,9112
Thailand,578,THA,2011,13322
Thailand,578,THA,2012,13654
Thailand,578,THA,2013,12491
Thailand,578,THA,2014,12675
Thailand,578,THA,2015,13677
The Bahamas,313,BHS,2009,2601
The Bahamas,313,BHS,2010,3063
The Bahamas,313,BHS,2011,3268
The Bahamas,313,BHS,2012,3132
The Bahamas,313,BHS,2014,5145
The Bahamas,313,BHS,2015,4562
The Bahamas,313,BHS,2016,4276
The Bahamas,313,BHS,2017,3854
Trinidad and Tobago,369,TTO,2004,643
Trinidad and Tobago,369,TTO,2005,801
Trinidad and Tobago,369,TTO,2006,657
Trinidad and Tobago,369,TTO,2007,680
Trinidad and Tobago,369,TTO,2008,771
Trinidad and Tobago,369,TTO,2009,689
Trinidad and Tobago,369,TTO,2010,616
Trinidad and Tobago,369,TTO,2011,535
Trinidad and Tobago,369,TTO,2012,579
Trinidad and Tobago,369,TTO,2013,542
Trinidad and Tobago,369,TTO,2014,558
Trinidad and Tobago,369,TTO,2015,600
Turkey,186,TUR,2003,91997
Turkey,186,TUR,2004,97145
Turkey,186,TUR,2005,105721
Turkey,186,TUR,2006,138937
Turkey,186,TUR,2007,121913
Turkey,186,TUR,2008,166430
Turkey,186,TUR,2009,194059
Turkey,186,TUR,2010,220882
Turkey,186,TUR,2011,238395
Turkey,186,TUR,2012,262330
Turkey,186,TUR,2013,74938
Turkey,186,TUR,2014,79405
Turkey,186,TUR,2015,87554
Turkey,186,TUR,2016,69896
Turkmenistan,925,TKM,2005,90
Turkmenistan,925,TKM,2006,83
Uganda,746,UGA,2003,19491
Uganda,746,UGA,2004,25744
Uganda,746,UGA,2005,35092
Uganda,746,UGA,2006,43782
Uganda,746,UGA,2007,28839
Uganda,746,UGA,2008,21186
Uganda,746,UGA,2009,17118
Uganda,746,UGA,2010,22979
Uganda,746,UGA,2011,19023
Uganda,746,UGA,2012,18030
Uganda,746,UGA,2013,16702
Uganda,746,UGA,2014,8210
Uganda,746,UGA,2015,10065
Uganda,746,UGA,2016,7019
Uganda,746,UGA,2017,5732
Ukraine,926,UKR,2003,5703
Ukraine,926,UKR,2004,5538
Ukraine,926,UKR,2005,6707
Ukraine,926,UKR,2006,6464
Ukraine,926,UKR,2007,5716
Ukraine,926,UKR,2008,4984
Ukraine,926,UKR,2009,5103
Ukraine,926,UKR,2010,4029
Ukraine,926,UKR,2017,1615
United Arab Emirates,466,ARE,2005,717
United Arab Emirates,466,ARE,2006,758
United Arab Emirates,466,ARE,2012,378
United Arab Emirates,466,ARE,2013,311
United Arab Emirates,466,ARE,2014,316
United Arab Emirates,466,ARE,2015,320
United Arab Emirates,466,ARE,2016,348
United Arab Emirates,466,ARE,2017,223
United Kingdom,112,GBR,2003,518960
United Kingdom,112,GBR,2004,594748
United Kingdom,112,GBR,2005,621151
United Kingdom,112,GBR,2006,590574
United Kingdom,112,GBR,2007,531437
United Kingdom,112,GBR,2008,500560
United Kingdom,112,GBR,2009,406939
United Kingdom,112,GBR,2010,373822
United Kingdom,112,GBR,2011,343006
United Kingdom,112,GBR,2012,315874
United Kingdom,112,GBR,2013,325579
United Kingdom,112,GBR,2014,377539
United Kingdom,112,GBR,2015,435447
United Kingdom,112,GBR,2016,471418
United Kingdom,112,GBR,2017,517628
United States,111,USA,2003,859030
United States,111,USA,2004,847381
United States,111,USA,2005,862220
United States,111,USA,2006,874096
United States,111,USA,2007,866358
United States,111,USA,2008,843683
United States,111,USA,2009,812514
United States,111,USA,2010,781844
United States,111,USA,2011,752423
United States,111,USA,2012,762009
United States,111,USA,2013,726800
United States,111,USA,2014,731100
United States,111,USA,2015,764100
United States,111,USA,2016,803000
United States,111,USA,2017,810800
Uruguay,298,URY,2006,615
Uruguay,298,URY,2007,656
Uruguay,298,URY,2008,768
Uruguay,298,URY,2009,849
Uruguay,298,URY,2010,519
Uruguay,298,URY,2011,514
Uruguay,298,URY,2012,469
Uruguay,298,URY,2013,426
Uruguay,298,URY,2014,470
Uruguay,298,URY,2015,466
Uruguay,298,URY,2016,569
Uruguay,298,URY,2017,429
Uzbekistan,927,UZB,2014,1451
Uzbekistan,927,UZB,2015,1478
Uzbekistan,927,UZB,2016,1505
Uzbekistan,927,UZB,2017,1397
Yemen,474,YEM,2009,25
Zimbabwe,698,ZWE,2003,78464
Zimbabwe,698,ZWE,2004,95581
Zimbabwe,698,ZWE,2005,92510
Zimbabwe,698,ZWE,2006,77525
Zimbabwe,698,ZWE,2007,63803
Zimbabwe,698,ZWE,2008,51247